baseline_adhoc_buggy_ratio,baseline_bug_buggy_ratio,adhoc_buggy_ratio,bug_buggy_ratio
0.1303056027164686,0.0265972824515756,0.2846251588310038,0.08054393305439331
